2026-02-23 19:28:13,7a1895232b5003c9d4c4b7b77dcdde60,track_visitors.php
2026-02-23 19:28:19,7a1895232b5003c9d4c4b7b77dcdde60,index.php
2026-02-23 19:36:12,7a1895232b5003c9d4c4b7b77dcdde60,index.php
2026-02-23 19:37:01,7a1895232b5003c9d4c4b7b77dcdde60,index.php
2026-02-23 19:38:31,7a1895232b5003c9d4c4b7b77dcdde60,index.php
2026-02-23 19:40:49,7a1895232b5003c9d4c4b7b77dcdde60,index.php
2026-02-23 19:41:42,7a1895232b5003c9d4c4b7b77dcdde60,index.php
2026-02-23 19:42:04,7a1895232b5003c9d4c4b7b77dcdde60,index.php
2026-02-23 19:43:04,7a1895232b5003c9d4c4b7b77dcdde60,index.php
2026-02-23 19:44:04,7a1895232b5003c9d4c4b7b77dcdde60,index.php
2026-02-23 19:45:31,7a1895232b5003c9d4c4b7b77dcdde60,index.php
2026-02-23 19:46:05,7a1895232b5003c9d4c4b7b77dcdde60,index.php
2026-02-23 19:47:07,7a1895232b5003c9d4c4b7b77dcdde60,index.php
2026-02-23 19:47:28,7a1895232b5003c9d4c4b7b77dcdde60,index.php
2026-02-23 19:47:41,7a1895232b5003c9d4c4b7b77dcdde60,index.php
2026-02-23 19:47:51,7a1895232b5003c9d4c4b7b77dcdde60,index.php
2026-02-23 19:48:39,7a1895232b5003c9d4c4b7b77dcdde60,index.php
2026-02-23 19:48:50,7a1895232b5003c9d4c4b7b77dcdde60,index.php
2026-02-23 21:16:20,7a1895232b5003c9d4c4b7b77dcdde60,index.php
2026-02-23 21:18:20,7a1895232b5003c9d4c4b7b77dcdde60,index.php
2026-02-23 21:20:41,7a1895232b5003c9d4c4b7b77dcdde60,index.php
2026-02-23 21:21:41,7a1895232b5003c9d4c4b7b77dcdde60,index.php
2026-02-23 21:23:01,7a1895232b5003c9d4c4b7b77dcdde60,index.php
2026-02-23 21:23:25,7a1895232b5003c9d4c4b7b77dcdde60,index.php
2026-02-23 21:25:21,7a1895232b5003c9d4c4b7b77dcdde60,index.php
2026-02-23 21:26:39,7a1895232b5003c9d4c4b7b77dcdde60,index.php
2026-02-23 21:28:44,7a1895232b5003c9d4c4b7b77dcdde60,index.php
2026-02-23 21:29:00,7a1895232b5003c9d4c4b7b77dcdde60,index.php
2026-02-23 21:29:42,7a1895232b5003c9d4c4b7b77dcdde60,index.php
2026-02-23 21:30:57,7a1895232b5003c9d4c4b7b77dcdde60,index.php
2026-02-23 21:32:39,7a1895232b5003c9d4c4b7b77dcdde60,index.php
2026-02-23 21:33:51,7a1895232b5003c9d4c4b7b77dcdde60,index.php
2026-02-23 21:36:02,7a1895232b5003c9d4c4b7b77dcdde60,index.php
2026-02-23 21:36:21,7a1895232b5003c9d4c4b7b77dcdde60,index.php
2026-02-23 21:37:15,7a1895232b5003c9d4c4b7b77dcdde60,index.php
2026-02-23 21:40:38,7a1895232b5003c9d4c4b7b77dcdde60,index.php
2026-02-23 21:41:58,7a1895232b5003c9d4c4b7b77dcdde60,index.php
2026-02-23 21:42:42,7a1895232b5003c9d4c4b7b77dcdde60,index.php
2026-02-23 21:43:03,7a1895232b5003c9d4c4b7b77dcdde60,index.php
2026-02-23 21:43:52,7a1895232b5003c9d4c4b7b77dcdde60,index.php
2026-02-23 22:01:42,7a1895232b5003c9d4c4b7b77dcdde60,index.php
2026-02-23 23:06:10,7a1895232b5003c9d4c4b7b77dcdde60,index.php
2026-02-24 17:29:37,7a1895232b5003c9d4c4b7b77dcdde60,index.php
2026-02-24 17:34:31,7a1895232b5003c9d4c4b7b77dcdde60,index.php
2026-02-24 17:36:57,7a1895232b5003c9d4c4b7b77dcdde60,index.php
2026-02-24 17:37:12,7a1895232b5003c9d4c4b7b77dcdde60,index.php
2026-02-24 17:37:37,7a1895232b5003c9d4c4b7b77dcdde60,index.php
2026-02-24 17:37:42,7a1895232b5003c9d4c4b7b77dcdde60,index.php
2026-02-24 17:38:47,7a1895232b5003c9d4c4b7b77dcdde60,index.php
2026-02-24 17:41:05,7a1895232b5003c9d4c4b7b77dcdde60,index.php
2026-02-24 17:44:11,7a1895232b5003c9d4c4b7b77dcdde60,index.php
2026-02-24 17:47:19,7a1895232b5003c9d4c4b7b77dcdde60,index.php
2026-02-24 17:47:58,7a1895232b5003c9d4c4b7b77dcdde60,index.php
2026-02-24 17:49:21,7a1895232b5003c9d4c4b7b77dcdde60,index.php
2026-02-24 17:50:57,7a1895232b5003c9d4c4b7b77dcdde60,index.php
2026-02-24 17:52:50,7a1895232b5003c9d4c4b7b77dcdde60,index.php
2026-02-24 17:55:15,7a1895232b5003c9d4c4b7b77dcdde60,index.php
2026-02-24 17:56:27,7a1895232b5003c9d4c4b7b77dcdde60,index.php
2026-02-24 17:57:13,7a1895232b5003c9d4c4b7b77dcdde60,index.php
2026-02-24 17:57:49,7a1895232b5003c9d4c4b7b77dcdde60,index.php
2026-02-24 17:58:27,7a1895232b5003c9d4c4b7b77dcdde60,index.php
2026-02-24 17:59:18,7a1895232b5003c9d4c4b7b77dcdde60,index.php
2026-02-24 17:59:48,7a1895232b5003c9d4c4b7b77dcdde60,index.php
2026-02-24 18:02:26,7a1895232b5003c9d4c4b7b77dcdde60,index.php
2026-02-24 21:55:06,7a1895232b5003c9d4c4b7b77dcdde60,index.php
2026-02-24 21:57:39,7a1895232b5003c9d4c4b7b77dcdde60,index.php
2026-02-24 21:57:47,7a1895232b5003c9d4c4b7b77dcdde60,index.php
2026-02-24 21:57:52,7a1895232b5003c9d4c4b7b77dcdde60,index.php
2026-02-24 22:00:34,7a1895232b5003c9d4c4b7b77dcdde60,index.php
2026-02-24 22:05:27,7a1895232b5003c9d4c4b7b77dcdde60,index.php
2026-02-24 22:05:42,7a1895232b5003c9d4c4b7b77dcdde60,index.php
2026-02-24 22:05:53,7a1895232b5003c9d4c4b7b77dcdde60,index.php
2026-02-24 22:06:23,7a1895232b5003c9d4c4b7b77dcdde60,index.php
2026-02-24 22:27:53,7a1895232b5003c9d4c4b7b77dcdde60,index.php
2026-02-24 22:30:12,7a1895232b5003c9d4c4b7b77dcdde60,index.php
2026-02-24 22:30:54,7a1895232b5003c9d4c4b7b77dcdde60,index.php
2026-02-24 22:31:06,7a1895232b5003c9d4c4b7b77dcdde60,index.php
2026-02-24 22:32:40,7a1895232b5003c9d4c4b7b77dcdde60,index.php
2026-02-24 22:33:17,7a1895232b5003c9d4c4b7b77dcdde60,index.php
2026-02-24 22:33:49,7a1895232b5003c9d4c4b7b77dcdde60,index.php
2026-02-24 22:40:06,7a1895232b5003c9d4c4b7b77dcdde60,index.php
2026-02-24 22:42:15,7a1895232b5003c9d4c4b7b77dcdde60,index.php
2026-02-24 22:42:58,7a1895232b5003c9d4c4b7b77dcdde60,index.php
2026-02-24 22:45:01,7a1895232b5003c9d4c4b7b77dcdde60,index.php
2026-02-24 22:46:11,7a1895232b5003c9d4c4b7b77dcdde60,index.php
2026-02-25 04:07:53,7a1895232b5003c9d4c4b7b77dcdde60,index.php
2026-02-25 04:08:39,7a1895232b5003c9d4c4b7b77dcdde60,index.php
2026-02-25 04:09:15,7a1895232b5003c9d4c4b7b77dcdde60,index.php
2026-02-25 04:11:42,7a1895232b5003c9d4c4b7b77dcdde60,index.php
2026-02-25 04:11:58,7a1895232b5003c9d4c4b7b77dcdde60,index.php
2026-02-25 04:12:10,7a1895232b5003c9d4c4b7b77dcdde60,index.php
2026-02-25 04:12:52,7a1895232b5003c9d4c4b7b77dcdde60,index.php
2026-02-25 04:13:20,7a1895232b5003c9d4c4b7b77dcdde60,index.php
2026-02-25 04:14:04,7a1895232b5003c9d4c4b7b77dcdde60,index.php
2026-02-25 04:14:39,7a1895232b5003c9d4c4b7b77dcdde60,index.php
2026-02-25 04:17:37,7a1895232b5003c9d4c4b7b77dcdde60,index.php
2026-02-25 04:18:52,7a1895232b5003c9d4c4b7b77dcdde60,index.php
2026-02-25 04:21:03,7a1895232b5003c9d4c4b7b77dcdde60,index.php
2026-02-25 04:22:47,7a1895232b5003c9d4c4b7b77dcdde60,index.php
2026-02-25 04:26:03,7a1895232b5003c9d4c4b7b77dcdde60,index.php
2026-02-25 04:26:54,7a1895232b5003c9d4c4b7b77dcdde60,index.php
2026-02-25 04:27:44,7a1895232b5003c9d4c4b7b77dcdde60,index.php
2026-02-25 04:29:23,7a1895232b5003c9d4c4b7b77dcdde60,index.php
2026-02-25 04:29:57,7a1895232b5003c9d4c4b7b77dcdde60,index.php
2026-02-25 04:32:54,7a1895232b5003c9d4c4b7b77dcdde60,index.php
2026-02-25 04:33:39,7a1895232b5003c9d4c4b7b77dcdde60,index.php
2026-02-25 04:34:17,7a1895232b5003c9d4c4b7b77dcdde60,index.php
2026-02-25 04:38:14,7a1895232b5003c9d4c4b7b77dcdde60,index.php
2026-02-25 04:39:23,7a1895232b5003c9d4c4b7b77dcdde60,index.php
2026-02-25 04:42:34,7a1895232b5003c9d4c4b7b77dcdde60,index.php
2026-02-25 04:43:39,7a1895232b5003c9d4c4b7b77dcdde60,index.php
2026-02-25 04:44:10,7a1895232b5003c9d4c4b7b77dcdde60,index.php
2026-02-25 04:44:49,7a1895232b5003c9d4c4b7b77dcdde60,index.php
2026-02-25 04:45:33,7a1895232b5003c9d4c4b7b77dcdde60,index.php
2026-02-25 04:45:55,7a1895232b5003c9d4c4b7b77dcdde60,index.php
2026-02-25 04:46:07,7a1895232b5003c9d4c4b7b77dcdde60,index.php
2026-02-25 04:46:56,7a1895232b5003c9d4c4b7b77dcdde60,index.php
2026-02-25 04:47:32,7a1895232b5003c9d4c4b7b77dcdde60,index.php
2026-02-25 04:48:15,7a1895232b5003c9d4c4b7b77dcdde60,index.php
2026-02-25 04:49:09,7a1895232b5003c9d4c4b7b77dcdde60,index.php
2026-02-25 04:49:24,7a1895232b5003c9d4c4b7b77dcdde60,index.php
2026-02-25 04:50:41,7a1895232b5003c9d4c4b7b77dcdde60,index.php
2026-02-25 04:52:54,7a1895232b5003c9d4c4b7b77dcdde60,index.php
2026-02-25 04:55:10,7a1895232b5003c9d4c4b7b77dcdde60,index.php
2026-02-25 04:56:16,7a1895232b5003c9d4c4b7b77dcdde60,index.php
2026-02-25 04:58:25,7a1895232b5003c9d4c4b7b77dcdde60,index.php
2026-02-25 04:58:43,7a1895232b5003c9d4c4b7b77dcdde60,index.php
2026-02-25 05:00:18,7a1895232b5003c9d4c4b7b77dcdde60,index.php
2026-02-25 05:02:01,7a1895232b5003c9d4c4b7b77dcdde60,index.php
2026-02-25 05:03:58,7a1895232b5003c9d4c4b7b77dcdde60,index.php
2026-02-25 05:04:13,7a1895232b5003c9d4c4b7b77dcdde60,index.php
2026-02-25 05:06:10,7a1895232b5003c9d4c4b7b77dcdde60,index.php
2026-02-25 05:06:33,7a1895232b5003c9d4c4b7b77dcdde60,index.php
2026-02-25 05:07:38,7a1895232b5003c9d4c4b7b77dcdde60,index.php
2026-02-25 05:07:48,7a1895232b5003c9d4c4b7b77dcdde60,index.php
2026-02-25 05:08:47,7a1895232b5003c9d4c4b7b77dcdde60,index.php
2026-02-25 05:09:02,7a1895232b5003c9d4c4b7b77dcdde60,index.php
2026-02-25 05:09:14,7a1895232b5003c9d4c4b7b77dcdde60,index.php
2026-02-25 05:10:06,7a1895232b5003c9d4c4b7b77dcdde60,index.php
2026-02-25 05:10:26,7a1895232b5003c9d4c4b7b77dcdde60,index.php
2026-02-25 05:10:43,7a1895232b5003c9d4c4b7b77dcdde60,index.php
2026-02-25 05:10:56,7a1895232b5003c9d4c4b7b77dcdde60,index.php
2026-02-25 05:14:05,7a1895232b5003c9d4c4b7b77dcdde60,index.php
2026-02-25 05:14:20,7a1895232b5003c9d4c4b7b77dcdde60,index.php
2026-02-25 05:15:23,7a1895232b5003c9d4c4b7b77dcdde60,index.php
2026-02-25 05:16:34,7a1895232b5003c9d4c4b7b77dcdde60,index.php
2026-02-25 05:17:00,7a1895232b5003c9d4c4b7b77dcdde60,index.php
2026-02-25 05:17:10,7a1895232b5003c9d4c4b7b77dcdde60,index.php
2026-02-25 05:17:37,7a1895232b5003c9d4c4b7b77dcdde60,index.php
2026-02-25 05:18:24,7a1895232b5003c9d4c4b7b77dcdde60,index.php
2026-02-25 05:19:17,7a1895232b5003c9d4c4b7b77dcdde60,index.php
2026-02-25 05:21:58,7a1895232b5003c9d4c4b7b77dcdde60,index.php
2026-02-25 05:22:36,7a1895232b5003c9d4c4b7b77dcdde60,index.php
2026-02-25 05:22:52,7a1895232b5003c9d4c4b7b77dcdde60,index.php
2026-02-25 05:25:22,7a1895232b5003c9d4c4b7b77dcdde60,index.php
2026-02-25 05:27:42,7a1895232b5003c9d4c4b7b77dcdde60,index.php
2026-02-25 05:28:22,7a1895232b5003c9d4c4b7b77dcdde60,index.php
2026-02-25 05:28:56,7a1895232b5003c9d4c4b7b77dcdde60,index.php
2026-02-25 05:29:43,7a1895232b5003c9d4c4b7b77dcdde60,index.php
2026-02-25 05:30:38,7a1895232b5003c9d4c4b7b77dcdde60,index.php
2026-02-25 05:31:44,7a1895232b5003c9d4c4b7b77dcdde60,index.php
2026-02-25 05:32:21,7a1895232b5003c9d4c4b7b77dcdde60,index.php
2026-02-25 05:33:07,7a1895232b5003c9d4c4b7b77dcdde60,index.php
